NU_ANO_CENSO,NO_UF,SG_UF,CO_UF,NO_MUNICIPIO,CO_MUNICIPIO,NO_ENTIDADE,CO_ENTIDADE,TP_DEPENDENCIA,TP_LOCALIZACAO,TP_LOCALIZACAO_DIFERENCIADA,DS_ENDERECO,NU_ENDERECO,NO_BAIRRO,CO_CEP,TP_SITUACAO_FUNCIONAMENTO,Latitude,Longitude
2023,Ceará,CE,23,Aracati,2301109,EEF EDMAR SENA,23123931,3,2,0,CABREIRO-ARACATI-CEARA,16,ZONA RURAL,62800000,1,-46140507,-378427535
2023,Ceará,CE,23,Aracati,2301109,EEF JOAO MACIEL DE SANTANA,23123958,3,2,0,SITIO PEDRA REDONDA,S/N,ZONA RURAL,62800000,1,-54983977,-393206241
2023,Ceará,CE,23,Aracati,2301109,EEF ADOLFO CAMINHA,23123974,3,1,0,RUA B,S/N,ALTO DA CHEIA,62800000,1,-54983977,-393206241
2023,Ceará,CE,23,Aracati,2301109,EEF PROFª VILANI PEREIRA,23123990,3,2,3,CORREGO DAS UBARANAS II,S/N,,62800000,1,-60436519,-384607363
2023,Ceará,CE,23,Aracati,2301109,CEI PROFª ANGELA CLOTILDE DE SOUSA,23124008,3,1,0,AVENIDA ABERLARDO GURGEL COSTA LIMA,1328,VARZEA DA MATRIZ,62800000,1,-54983977,-393206241
2023,Ceará,CE,23,Aracati,2301109,EEF JOSE ROCHA GUIMARAES,23124024,3,2,0,BAIXIO,S/N,ZONA RURAL,62800000,1,-54983977,-393206241
2023,Ceará,CE,23,Aracati,2301109,EEF LOURENCO FERREIRA FILHO,23124032,3,2,0,LAGOA DOS FERREIRAS,S/N,,62800000,2,-54983977,-393206241
2023,Ceará,CE,23,Aracati,2301109,EEF ANTONIETA CALS,23124075,3,2,0,RUA DR. JESAMAR,S/N,MAJORLANDIA,62800000,1,-54983977,-393206241
2023,Ceará,CE,23,Aracati,2301109,EEF APOLINARIO JOAQUIM MONTEIRO,23124083,3,2,0,CORREGO DO RETIRO,S/N,RURAL,62800000,1,-54983977,-393206241
2023,Ceará,CE,23,Aracati,2301109,COLEGIO MUNICIPAL DE ARACATI,23124113,3,1,0,RUA DUQUE DE CAXIAS,S/N,VARZEA DA MATRIZ,62800000,1,-45612094,-377688612
2023,Ceará,CE,23,Aracati,2301109,EEMTI BARAO DE ARACATI,23124121,2,1,0,PCA DOS PRAZERES,82,CENTRO,62800000,1,-45681673,-377728564
2023,Ceará,CE,23,Aracati,2301109,EEF JOSE DE SOUZA,23124164,3,2,0,LAGOA DO PREA,S/N,ZONA RURAL,62800000,1,-45401566,-379021954
2023,Ceará,CE,23,Aracati,2301109,EEM BENI CARVALHO,23124172,2,1,0,RUA BENI CARVALHO,1679,N SR DE LOURDES,62800000,1,-54983977,-393206241
2023,Ceará,CE,23,Aracati,2301109,EEF WALDOMIRO AFONSO LIMA,23124180,3,2,0,BOCA DO FORNO,S/N,,62800000,1,-54983977,-393206241
2023,Ceará,CE,23,Aracati,2301109,EEF DOMINGOS COSTA TEOBALDO,23124199,3,2,0,SANTA TEREZA,SN,CENTRO,62800000,1,-46069538,-378795089
2023,Ceará,CE,23,Aracati,2301109,EEF VIRGINIA RODRIGUES UCHOA,23124210,3,2,0,VILA DA VOLTA,SN,ZONA RURAL,62800000,1,-45401856,-377888147
2023,Ceará,CE,23,Aracati,2301109,EEF FRANCISCO AMARAL LIMA,23124229,3,2,0,CACIMBA FUNDA,,,62800000,1,-54983977,-393206241
2023,Ceará,CE,23,Aracati,2301109,EEF ESTEVAO PEREIRA DA SILVA,23124296,3,2,0,VILA DO ESTEVAO,S/N,,62800000,2,-54983977,-393206241
2023,Ceará,CE,23,Aracati,2301109,EEF FRANCISCO FERNANDES FILHO,23124300,3,2,0,CORREGO DOS FERNANDES,S/N,ZONA RURAL,62800000,1,-45789878,-378755572
2023,Ceará,CE,23,Aracati,2301109,EEF PROFESSOR CARLOS PEIXOTO,23124318,3,2,0,CANTINHO DE CIMA,S/N,,62800000,2,-54983977,-393206241
2023,Ceará,CE,23,Aracati,2301109,EEF MANUEL PEREIRA ANTONIO,23124326,3,2,0,TABULEIRO DO CABREIRO,S/N,,62800000,2,-54983977,-393206241
2023,Ceará,CE,23,Aracati,2301109,EEF FRANCISCO NOGUEIRA CAVALCANTE,23124350,3,2,0,JOSE SABINO FILHO,S/N,ZONA RURAL,62800000,1,-47009653,-377809283
2023,Ceará,CE,23,Aracati,2301109,EEF FRANCISCO SABOIA BARBOSA,23124369,3,1,0,RUA DUQUE DE CAXIAS,1990,CENTRO,62800000,1,-54983977,-393206241
2023,Ceará,CE,23,Aracati,2301109,EEF SAO FRANCISCO,23124377,3,2,0,SITIO SAO FRANCISCO,SN,ZONA RURAL,62800000,1,-43490739,-393229283
2023,Ceará,CE,23,Aracati,2301109,EEF PROFª FRANCISCA CLOTILDE,23124385,3,2,0,QUINDERE II,S/N,ZONA RURAL,62800000,1,-54983977,-393206241
2023,Ceará,CE,23,Aracati,2301109,EEF MARGARIDA GONDIM,23124423,3,2,0,RUA NOSSA SENHORA DAS GRACAS,199,OUTEIRO,62800000,1,-54983977,-393206241
2023,Ceará,CE,23,Aracati,2301109,EEF MANUEL DA ROCHA FREIRE,23124431,3,2,0,CORREGO DA NICA,S/N,,62800000,2,-54983977,-393206241
2023,Ceará,CE,23,Aracati,2301109,CEI HELENITA GURGEL VALENTE,23124440,3,2,0,CAJUEIRO,S/N,,62800000,1,-54983977,-393206241
2023,Ceará,CE,23,Aracati,2301109,EEF HERIBERTO PORTO,23124466,3,2,0,RUA FRANCISCO GERMANO,S/N,PRAIA DE QUIXABA,62800000,1,-54983977,-393206241
2023,Ceará,CE,23,Aracati,2301109,EEF PROFª GERCINA NEPOMUCENO,23124474,3,1,0,RUA PROJETADA,S/N,NOSSA SENHORA DE LOUDES,62800000,2,-54983977,-393206241
2023,Ceará,CE,23,Aracati,2301109,EEF ANTONIO PONCIANO DA COSTA,23124539,3,1,0,VL CORREGO DOS RODRIGUES,S/N,CORREGO DOS RODRIGUES,62800000,1,-54983977,-393206241
2023,Ceará,CE,23,Aracati,2301109,EEF JOAQUIM NOGUEIRA DA COSTA,23124547,3,2,0,SITIO BEIRADA,S/N,,62800000,2,-4524756,-377328735
2023,Ceará,CE,23,Aracati,2301109,EEF JOSE BERNARDO DE SOUSA,23124555,3,2,0,VILA CAJUEIRO,SN,CAJUEIRO,62800000,1,-45924806,-377398226
2023,Ceará,CE,23,Aracati,2301109,EEF JOSE BEZERRA FILHO,23124563,3,2,0,MORRINHOS,S/N,ZONA RURAL,62800000,1,-46351665,-3774421
2023,Ceará,CE,23,Aracati,2301109,EEF JOSE NONATO,23124580,3,2,0,LAGOA DO TEODOSIO,S/N,ZONA RURAL,62800000,1,-46276494,-379726294
2023,Ceará,CE,23,Aracati,2301109,EEF PROFESSOR REGIS BERNARDO DE SOUZA,23124601,3,1,0,RUA DUQUE DE CAXIAS,S/N,VARZEA DA MATRIZ,62800000,1,-54983977,-393206241
2023,Ceará,CE,23,Aracati,2301109,EEF DRAGAO DO MAR,23124610,3,2,0,LAGOA DO MATO,S/N,,62800000,2,-45908639,-376353078
2023,Ceará,CE,23,Aracati,2301109,CEI PROFª MARLENE SOARES NEPOMUCENO,23124660,3,1,0,RUA JOAO ADOLFO GURGEL DO AMARAL,S/N,CASTELO,62800000,1,-54983977,-393206241
2023,Ceará,CE,23,Aracati,2301109,EEF MOISES MARQUES,23124687,3,2,0,VILA CAJAZEIRAS,S/N,ZONA RURAL,62800000,1,-54983977,-393206241
2023,Ceará,CE,23,Aracati,2301109,EEF POMPEU COSTA LIMA FILHO,23124709,3,2,0,SITIO SAO JOSE,S/N,,62800000,1,-45896313,-377786105
2023,Ceará,CE,23,Aracati,2301109,EEF RAIMUNDO MARCELO SOBRINHO,23124733,3,2,0,CORREGO DAS UBARANAS,S/N,,62800000,2,-54983977,-393206241
2023,Ceará,CE,23,Aracati,2301109,EEF RAIMUNDO SILVERIO FILHO,23124741,3,2,0,SITIO CUMBE,S/N,ZONA RURAL,62800000,1,-44886986,-377691729
2023,Ceará,CE,23,Fortim,2304459,ARTUR LIRA EEF,23124903,3,1,0,PRACA JOSE SCIPIAO,641,VICOSA,62815000,1,-66191048,-406098816
2023,Ceará,CE,23,Fortim,2304459,COMUNITARIA DA BARRA EEF,23124920,3,1,0,TRAVESSA ISABEL MONTEIRO,47,BARRA,62815000,1,-44335875,-377876194
2023,Ceará,CE,23,Fortim,2304459,BENVINDA NUNES EEF,23124938,3,2,0,MAMOEIRO,,MAMOEIRO,62817000,2,-54983977,-393206241
2023,Ceará,CE,23,Fortim,2304459,EDSON BARBOSA EEF,23124962,3,1,0,GUAJIRU,SN,GUAJIRU,62815000,1,-54983977,-393206241
2023,Ceará,CE,23,Fortim,2304459,EMILIA QUEIROZ PROFESSORA EEF,23124970,3,1,0,RUA VICENTE SILVANO,246,CENTRO,62819000,1,-44053515,-377845114
2023,Ceará,CE,23,Fortim,2304459,EEFM PROFESSORA MARIA LUIZA,23124997,3,1,0,RUA JOAQUIM CRISOSTOMO,739,CENTRO,62815000,1,-54983977,-393206241
2023,Ceará,CE,23,Fortim,2304459,EEM HELENITA LOPES GURGEL VALENTE,23125012,2,1,0,RUA JORGE FERREIRA,250,CENTRO,62815000,1,-54983977,-393206241
2023,Ceará,CE,23,Fortim,2304459,JOAO ANASTACIO ESC DE ENSINO FUNDAMENTAL,23125020,3,2,0,VOLTA GRANDE,,,62815000,2,-36994947,-38644177
2023,Ceará,CE,23,Fortim,2304459,JOAO CIRIACO EEF,23125039,3,2,0,BARRO VERMELHO,,BARRO VERMELHO,62817000,2,-54983977,-393206241
2023,Ceará,CE,23,Fortim,2304459,JOAO NOBERTO EEF,23125055,3,2,0,MUNDO NOVO,S/N,MUNDO NOVO,62817000,1,-54983977,-393206241
2023,Ceará,CE,23,Fortim,2304459,JOSE ALEXANDRE DE LIMA EEF,23125063,3,2,0,JARDIM,S/N,JARDIM DE BAIXO,62815000,1,-54983977,-393206241
2023,Ceará,CE,23,Fortim,2304459,JULIA DE OLIVEIRA EEF,23125071,3,2,0,TAPUIO,,TAPUIO,62817000,2,-54983977,-393206241
2023,Ceará,CE,23,Fortim,2304459,MARIA PEREIRA EEF,23125128,3,2,0,CARNAUBINHA,,CARNAUBINHA,62817000,2,-54983977,-393206241
2023,Ceará,CE,23,Fortim,2304459,MAURO CAVALCANTE DE SOUZA EEF,23125152,3,2,0,VILA GURGURI,SN,CE 040,62815000,1,-44699914,-377989585
2023,Ceará,CE,23,Icapuí,2305357,ANTONIO CRISPIM CEI,23125209,3,2,0,PRAIA DE PONTA GROSSA,,,62810000,2,-54983977,-393206241
2023,Ceará,CE,23,Icapuí,2305357,PROFESSORA JOANA MARQUES BEZERRA EEF,23125217,3,2,0,PRAIA DE BARREIRAS,SN,,62810000,1,-46773083,-374042053
2023,Ceará,CE,23,Icapuí,2305357,PROFESSOR FRANCISCO EZEQUIEL DA COSTA EEF,23125250,3,2,0,NOVA BELEM,SN,,62810000,1,-54983977,-393206241
2023,Ceará,CE,23,Icapuí,2305357,PROFESSORA CARLOTA TAVARES DE HOLANDA EEF,23125268,3,1,0,RUA CORONEL RICARDO HOLANDA,SN,,62810000,1,-54983977,-393206241
2023,Ceará,CE,23,Icapuí,2305357,FRANCISCA EMILIA MAIA E E F,23125306,3,2,0,BERIMBAU,,,62810000,2,-54983977,-393206241
2023,Ceará,CE,23,Icapuí,2305357,EEMTI PROFESSOR GABRIEL EPIFANIO DOS REIS,23125314,2,1,0,RUA FILIZOLINA FREITAS,SN,CAJUAIS,62810000,1,-4701447,-373627597
2023,Ceará,CE,23,Icapuí,2305357,DO GRAVIE CEI,23125322,3,2,0,GRAVIE,,GRAVIE,62810000,2,-54983977,-393206241
2023,Ceará,CE,23,Icapuí,2305357,LUIS GONZAGA FERREIRA E E F,23125330,3,2,0,PEIXE GORDO,,,62810000,2,-54983977,-393206241
2023,Ceará,CE,23,Icapuí,2305357,PROFESSORA MARIA EDILCE BARBOSA EEF,23125349,3,2,0,RUA JOAQUIM MARQUES,SN,MELANCIAS DE BAIXO,62810000,1,-54983977,-393206241
2023,Ceará,CE,23,Icapuí,2305357,MARIA HELENA REBOUCAS MARQUES CEI,23125357,3,1,0,RUA ALDENORA HOLANDA,SN,MANIBU,62810000,1,-54983977,-393206241
2023,Ceará,CE,23,Icapuí,2305357,PROFESSORA RAIMUNDA LACERDA DAMIAO EEF,23125381,3,1,0,AVENIDA ESAU LACERDA,2121,MUTAMBA,62810000,1,-53948021,-393621196
2023,Ceará,CE,23,Icapuí,2305357,PROFESSORA MIZINHA EEF,23125403,3,1,0,AVENIDA 22 DE JANEIRO,,MORRO ALTO,62810000,1,-54983977,-393206241
2023,Ceará,CE,23,Icapuí,2305357,JOSE ANTERO REBOUCAS CEI,23125411,3,2,0,MORRO PINTADO,SN,MORRO PINTADO,62810000,1,-54983977,-393206241
2023,Ceará,CE,23,Icapuí,2305357,A CAMINHO DA CIDADANIA CEI,23125438,3,2,0,PEROBA,,,62810000,2,-54983977,-393206241
2023,Ceará,CE,23,Icapuí,2305357,FRANCISCA LUZIA DE JESUS CEI,23125454,3,2,0,PRAIA DE REDONDA,,,62810000,1,-54983977,-393206241
2023,Ceará,CE,23,Icapuí,2305357,GUILHERME LOPES DA SILVA CEI PROFESSOR,23125470,3,2,0,RETIRO GRANDE,,,62810000,2,-54983977,-393206241
2023,Ceará,CE,23,Icapuí,2305357,ROSA FILOMENA DA COSTA CEI PROFESSORA,23125489,3,2,0,SERRA DE MUTAMBA,,SERRA DE MUTAMBA,62810000,1,-54983977,-393206241
2023,Ceará,CE,23,Icapuí,2305357,RAIMUNDA MEDEIROS REBOUCAS CEI,23125497,3,2,0,SERRA DE CAJUAIS,,,62810000,1,-54983977,-393206241
2023,Ceará,CE,23,Itaiçaba,2306207,DOM AURELIANO MATOS EEF,23125500,3,2,0,RUA JERONIMO FRANCISCO DA SILVA,1971,ALTO BRITO,62820000,1,-3493213,-395787377
2023,Ceará,CE,23,Itaiçaba,2306207,DULCINEA GOMES DINIZ EEF,23125551,3,1,0,VILA OLIMPICA,336,SAO FRANCISCO,62820000,1,-54983977,-393206241
2023,Ceará,CE,23,Itaiçaba,2306207,EEMTI JOAO BARBOSA LIMA,23125586,2,1,0,RUA CEL JOAO BATISTA,397,CENTRO,62820000,1,-4679879,-378210431
2023,Ceará,CE,23,Itaiçaba,2306207,MARIA MOREIRA BARBOSA CENTRO DE EDUCACAO INFANTIL,23125616,3,1,0,RUA ALEXANDRE BEZERRA,401,SAO FRANCISCO,62820000,1,-54983977,-393206241
2023,Ceará,CE,23,Itaiçaba,2306207,MARIA VIANA BARBOSA EEF,23125624,3,2,0,BAIXO GIQUI,SN,,62820000,2,-54983977,-393206241
2023,Ceará,CE,23,Itaiçaba,2306207,PE MARCONDES CAVALCANTE EEF,23125632,3,2,0,LOGRADOURO,S/N,ZONA RURAL,62820000,1,-4714909,-373564683
2023,Ceará,CE,23,Itaiçaba,2306207,RAIMUNDO NONATO GOMES DINIZ EEF,23125667,3,2,0,TABULEIRO DO LUNA,SN,,62820000,2,-54983977,-393206241
2023,Ceará,CE,23,Alto Santo,2300705,ARCINDO DE HOLANDA BESSA EMEF,23125748,3,2,0,SITIO RECREIO,,,62970000,2,-57986483,-383106558
2023,Ceará,CE,23,Alto Santo,2300705,FRANCISCO CHAGAS MARTINS EMEF,23125845,3,2,0,SITIO TABULEIRO DAS MOCAS,,ZONA RURAL,62970000,1,-54983977,-393206241
2023,Ceará,CE,23,Alto Santo,2300705,FCO FERREIRA DE CARVALHO EMEF,23125896,3,2,0,ASSENTAMENTO LOGRADOURO,SN,,62970000,2,-54983977,-393206241
2023,Ceará,CE,23,Alto Santo,2300705,FCO PRAXEDES MENDES EMEF,23125934,3,2,0,SITIO JUREMAL,SN,,62970000,2,-54983977,-393206241
2023,Ceará,CE,23,Alto Santo,2300705,HONORIO HOLANDA BEZERRA EEF,23125969,3,2,0,SITIO TIBOLO,,,62970000,2,-54983977,-393206241
2023,Ceará,CE,23,Alto Santo,2300705,RAUL AUGUSTO DA SILVA EMEF,23125977,3,2,0,SITIO ARISCO,,,62970000,2,-54983977,-393206241
2023,Ceará,CE,23,Alto Santo,2300705,JOAO BEZERRA DE SOUZA EMEF,23125985,3,2,0,SITIO VILA ORIENTE,SN,,62970000,2,-54983977,-393206241
2023,Ceará,CE,23,Alto Santo,2300705,JOAO QUINCO EMEF,23126000,3,2,0,SITIO ARMADOR,,ZONA RURAL,62970000,2,-55200183,-38272764
2023,Ceará,CE,23,Alto Santo,2300705,JOAO RODRIGUES TORRES EMEF,23126019,3,2,0,SITIO BAIXIO GRANDE,,,62970000,1,-54983977,-393206241
2023,Ceará,CE,23,Alto Santo,2300705,JOAQUIM DE MOURA MAIA GRUPO ESC,23126027,3,2,0,SITIO FERRAZ,,,62970000,2,-54983977,-393206241
2023,Ceará,CE,23,Alto Santo,2300705,LUIS CANDIDO MACIEL EMEF,23126108,3,2,0,SITIO BATOQUE,,ZONA RURAL,62970000,1,-54983977,-393206241
2023,Ceará,CE,23,Alto Santo,2300705,MANOEL NOGUEIRA COSTA EMEF,23126167,3,2,0,SITIO BAIXA DA UMBURANA,,,62970000,1,-37435885,-410151659
2023,Ceará,CE,23,Alto Santo,2300705,RDO SEVERIANO CARNEIRO EMEF,23126256,3,2,0,SITIO ANDRE DIAS,S/N,,62970000,2,-54983977,-393206241
2023,Ceará,CE,23,Alto Santo,2300705,URCESINA MOURA CANTIDIO EMEF,23126272,3,1,0,RUA CEL. SIMPLICIO BEZERRA,8,CENTRO,62970000,1,-4808776,-393965817
2023,Ceará,CE,23,Alto Santo,2300705,ANTONIO ADOLFO DA CUNHA EMEF,23126329,3,2,0,SITIO BOQUEIRAO DO CUNHA,,,62970000,2,-54983977,-393206241
2023,Ceará,CE,23,Alto Santo,2300705,JOSE MARTINS DO NASCIMENTO EMEF,23126388,3,2,0,SITIO RECANTO,SN,ZR,62970000,2,-54983977,-393206241
2023,Ceará,CE,23,Alto Santo,2300705,LIRA MAIA HOLANDA EMEF,23126400,3,1,0,RUA AGAPITO FERREIRA MAIA,S/N,CASTANHAO,62970000,1,-54983977,-393206241
2023,Ceará,CE,23,Alto Santo,2300705,MARIA DO SOCORRO CABO EMEF,23126426,3,2,0,SITIO BOM JESUS,SN,,62970000,1,-54983977,-393206241
2023,Ceará,CE,23,Alto Santo,2300705,PEDRO JOSE PEREIRA EMEF,23126450,3,2,0,SITIO CARAUBAS,,,62970000,2,-54983977,-393206241
2023,Ceará,CE,23,Alto Santo,2300705,ESCOLA ENSINO MUNICIPAL FUNDAMENTAL VIRGILIO TAVORA,23126485,3,2,0,SITIO CABRITO,S/N,ZONA RURAL,62970000,1,-36808829,-403406222
2023,Ceará,CE,23,Jaguaruana,2307007,EDITH MOREIRA BARRETO EEF,23127147,3,1,0,RUA CEL. RAIMUNDO FRANCISCO,1389,JUAZEIRO,62823000,1,-54983977,-393206241
2023,Ceará,CE,23,Jaguaruana,2307007,EEMTI FRANCISCO JAGUARIBE,23127171,2,1,0,RUA CEL RAIMUNDO FRANCISCO,1135,LAGOA,62823000,1,-58927263,-386219897
2023,Ceará,CE,23,Jaguaruana,2307007,FRANCISCO JAGUARIBE EEF,23127180,3,1,0,RUA JOSE LEITE DE CARVALHO,SN,CENTRO,62823000,1,-58927263,-386219897
2023,Ceará,CE,23,Jaguaruana,2307007,FRANCISCO VENANCIO DA SILVA E E F,23127198,3,2,0,SITIO CORREGO DO MACHADO,S/N,ZONA RURAL,62823000,1,-54983977,-393206241
2023,Ceará,CE,23,Jaguaruana,2307007,GERARDO CORREIA LIMA EEF,23127201,3,1,0,AV. CORONEL ANTONIO JOSE DE FREITAS,1478,CENTRO,62823000,1,-48173628,-377808737
2023,Ceará,CE,23,Jaguaruana,2307007,JOAQUIM VENANCIO EEF,23127287,3,2,0,SITIO FIGUEIREDO,S/N,ZONA RURAL,62823000,1,-54983977,-393206241
2023,Ceará,CE,23,Jaguaruana,2307007,JOSE CARNEIRO DO NASCIMENTO CEI,23127309,3,1,0,TRAVESSA ANTONIO GERARDO FILHO,1140,TABULEIRO,62823000,1,-54983977,-393206241
2023,Ceará,CE,23,Jaguaruana,2307007,JOSE SIMOES FILHO EEF DR,23127368,3,2,0,AV. LUIZ EUDIBERTO DE CARVALHO,S/N,ZONA RURAL,62823000,1,-54983977,-393206241
2023,Ceará,CE,23,Jaguaruana,2307007,NOSSA SRA DO LIVRAMENTO EEF,23127384,3,2,1,ASSENTAMENTO BELA VISTA,SN,ZONA RURAL,62823000,1,-49925044,-39979904
2023,Ceará,CE,23,Jaguaruana,2307007,EEM MANUEL SATIRO,23127430,2,1,0,AV ANTONIO DA ROCHA FREITAS,1278,CENTRO,62823000,1,-37939055,-385782644
2023,Ceará,CE,23,Jaguaruana,2307007,CEI MENINO JESUS,23127457,3,1,0,RUA CHICO NOGUEIRA,1243,LAGOA,62823000,1,-54983977,-393206241
2023,Ceará,CE,23,Jaguaruana,2307007,PEDRO JOAQUIM DOS SANTOS UEI,23127465,3,2,0,SITIO PASTA BRANCA,SN,SITIO PASTA BRANCA,62823000,1,-54983977,-393206241
2023,Ceará,CE,23,Jaguaruana,2307007,PERPETUO SOCORRO EEF N SRA DO,23127481,3,1,0,RUA GERARDO PEREIRA DE MELO,SN,JUAZEIRO,62823000,1,-54983977,-393206241
2023,Ceará,CE,23,Jaguaruana,2307007,RAIMUNDO FARIAS E E F,23127503,3,2,0,SITIO CURRALINHO/PATOS,SN,SITIO CURRALINHO / PATOS,62823000,1,-48190496,-37860554
2023,Ceará,CE,23,Jaguaruana,2307007,RAIMUNDO SALES FACANHA EEF,23127520,3,2,0,SITIO SARGENTO,S/N,ZONA RURAL,62823000,1,-54983977,-393206241
2023,Ceará,CE,23,Jaguaruana,2307007,ROSA COELHO DE MELO E E F,23127538,3,1,0,AVENIDA JOSE CLAUDIO DE MELO,S/N,COHAB,62823000,1,-54983977,-393206241
2023,Ceará,CE,23,Jaguaruana,2307007,TOMAZ BARBOSA EEF,23127589,3,1,0,AV. JOSE DE ALMEIDA,S/N,CARDEAIS,62823000,1,-54983977,-393206241
2023,Ceará,CE,23,Jaguaruana,2307007,JOAO RODRIGUES MAIA EEF,23127708,3,1,0,RUA JOAQUIM QUINTINO,S/N,ZONA RURAL,62823000,1,-4788823,-377497678
2023,Ceará,CE,23,Limoeiro do Norte,2307601,ACELINO VIANA ARRAIS E E F,23127732,3,2,0,SITIO SOCORRO,,,62930000,2,-54983977,-393206241
2023,Ceará,CE,23,Limoeiro do Norte,2307601,MINISTRO ALLYSSON PAULINELLI E E B,23127740,3,1,0,RUA MARIA JOSE CHAVES DE ALMEIDA,2521,ANTONIO HOLANDA DE OLIVEIRA,62930000,1,-54983977,-393206241
2023,Ceará,CE,23,Limoeiro do Norte,2307601,ANTONIO DE CASTRO PEREIRA E E I F,23127775,3,2,0,SITIO CORREGO DE AREIA,S/Nº,ZONA RURAL,62930000,1,-54983977,-393206241
2023,Ceará,CE,23,Limoeiro do Norte,2307601,ANTONIO ALONSO DE OLIVEIRA EEF,23127805,3,2,0,GENIPAPEIRO,,,62930000,2,-54983977,-393206241
2023,Ceará,CE,23,Limoeiro do Norte,2307601,ARI SANTIAGO ESC 1O GRAU,23127813,3,2,0,SITIO MILAGRE,,,62930000,2,-54983977,-393206241
2023,Ceará,CE,23,Limoeiro do Norte,2307601,EEMTI ARSENIO FERREIRA MAIA,23127821,2,1,0,RUA CORONEL JOSE NUNES,1245,JOAO XXIII,62930000,1,-51537633,-380940244
2023,Ceará,CE,23,Limoeiro do Norte,2307601,CESAR CALS NETO E E I F,23127856,3,2,0,SITIO SUCUPIRA,S/N,ZONA RURAL,62930000,1,-3907966,-386214974
2023,Ceará,CE,23,Limoeiro do Norte,2307601,FCO DE SALES BANDEIRA E E F,23127945,3,2,0,SITIO PEDRA BRANCA,,,62930000,2,-51410237,-380861729
2023,Ceará,CE,23,Limoeiro do Norte,2307601,FRANCISCO JACY LUZ ESC EIF,23127953,3,1,0,RUA ANTONIO RIBEIRO DE CASTRO,S/N,BOM NOME,62930000,1,-54983977,-393206241
2023,Ceará,CE,23,Limoeiro do Norte,2307601,JOAO ADOLFO DE A MAIA E E F,23128003,3,2,0,SITIO MARIA DIAS,,,62930000,2,-54983977,-393206241
2023,Ceará,CE,23,Limoeiro do Norte,2307601,JOAO BATISTA RIBEIRO E E I F,23128011,3,2,0,SITIO TOME,S/N,ZONA RURAL,62930000,1,-51206737,-379666317
2023,Ceará,CE,23,Limoeiro do Norte,2307601,E E I F JOAQUIM DINO GADELHA,23128070,3,2,0,SITIO CABECA PRETA,SN,CABECA PRETA,62930000,1,-65024062,-393099936
2023,Ceará,CE,23,Limoeiro do Norte,2307601,PE JOAQUIM DE MENESES EEF,23128089,3,1,0,AVENIDA DOM AURELIANO MATOS,1853,CENTRO,62930000,1,-5145529,-380973466
2023,Ceará,CE,23,Limoeiro do Norte,2307601,JOSE ALVES DE MOURA E E F,23128119,3,2,0,SITIO ARRAIAL,S/N,ZONA RURAL,62930000,1,-50952148,-380742594
2023,Ceará,CE,23,Limoeiro do Norte,2307601,JOSE CANDIDO DA COSTA E E F,23128143,3,2,0,SITIO VARZEA DO COBRA,SN,ZONA RURAL,62930000,1,-54983977,-393206241
2023,Ceará,CE,23,Limoeiro do Norte,2307601,JOSE HAMILTON DE OLIVEIRA EEF,23128178,3,1,0,RUA RAIMUNDO CRAVEIRO,S/N,LUIS ALVES DE FREITAS,62930000,1,-51345425,-380958335
2023,Ceará,CE,23,Limoeiro do Norte,2307601,EEM LAURO REBOUCAS DE OLIVEIRA,23128208,2,1,0,AV DOS EXPEDICIONARIOS,2921,CENTRO,62930000,1,-51421648,-380959593
2023,Ceará,CE,23,Limoeiro do Norte,2307601,MARIA ARIDINA VIDAL DE ANDRADE E E I F,23128259,3,1,0,AV. MANOEL FIDELIS MAIA,1897,ANTONIO HOLANDA DE OLIVEIRA,62930000,1,-54983977,-393206241
2023,Ceará,CE,23,Limoeiro do Norte,2307601,MA AUGUSTA DE ARAUJO E E F,23128267,3,2,0,SITIO FACEIRA,,,62930000,2,-54983977,-393206241
2023,Ceará,CE,23,Limoeiro do Norte,2307601,MA ELVANISA MOURA FREITAS SILVA E E F,23128291,3,1,0,RUA RAIMUNDO NONATO DA SILVA,S/N,ANTONIO HOLANDA DE OLIVEIRA,62930000,1,-54983977,-393206241
2023,Ceará,CE,23,Limoeiro do Norte,2307601,MARIA IDALINA DE FREITAS ESC E E F,23128313,3,1,0,RUA ESTEVAO REMIGIO DE FREITAS,3029,BOA FE,62930000,1,-54983977,-393206241
2023,Ceará,CE,23,Limoeiro do Norte,2307601,MANOEL DE CASTRO E E I F,23128330,3,2,0,KM 60,S/N,ZONA RURAL,62930000,1,-54983977,-393206241
2023,Ceará,CE,23,Limoeiro do Norte,2307601,MIGUEL VIEIRA DE MELO E E F,23128364,3,2,0,INGARANA,,,62930000,2,-54983977,-393206241
2023,Ceará,CE,23,Limoeiro do Norte,2307601,JOAO LUIS MAIA EEF,23128399,3,2,0,SITIO ESPINHO,SN,ZONA RURAL,62930000,1,-54983977,-393206241
2023,Ceará,CE,23,Limoeiro do Norte,2307601,PROFESSOR PERGENTINO EEF,23128410,3,2,0,SITIO CANTO GRANDE,,,62930000,2,-54983977,-393206241
2023,Ceará,CE,23,Limoeiro do Norte,2307601,RAIMUNDO FELIPE SANTIAGO E E F,23128437,3,2,0,SANTA MARIA,,,62930000,2,-54983977,-393206241
2023,Ceará,CE,23,Limoeiro do Norte,2307601,TEREZINHA LANDIN ESTACIO ESC E F,23128542,3,2,0,BOM JESUS DO CRUZEIRO,,,62930000,2,-51431283,-381023239
2023,Ceará,CE,23,Limoeiro do Norte,2307601,WILSON ESTACIO DE SOUSA E E F,23128585,3,2,0,SITIO ILHA,S/N,SITIO ILHA,62930000,1,-51420919,-381024356
2023,Ceará,CE,23,Limoeiro do Norte,2307601,PROFESSOR JOSE AFONSO FERREIRA MAIA E E F,23128593,3,2,0,SITIO BIXOPA,SN,ZONA RURAL,62930000,1,-54983977,-393206241
2023,Ceará,CE,23,Morada Nova,2308708,EEM EGIDIA CAVALCANTE CHAGAS,23128739,2,1,0,AV MANOEL CASTRO,473,CENTRO,62940000,1,-5110477,-38369498
2023,Ceará,CE,23,Morada Nova,2308708,FRANCISCO ANDRADE TEOFILO GIRAO EEB DEP,23128755,3,1,0,AVENIDA PRESIDENTE GEISEL,4000,VAZANTE,62940000,1,-38174724,-385220378
2023,Ceará,CE,23,Morada Nova,2308708,FRANCISCO XAVIER ANDRADE GIRAO EEB,23128801,3,2,0,LINHA BASE DE CIMA,SN,SEDE RURAL,62940000,2,-54983977,-393206241
2023,Ceará,CE,23,Morada Nova,2308708,HENRIQUE EDUARDO GIRAO EEB,23128828,3,1,0,RUA CONRADO MACHADO,737,PARQUE DE EXPOSICAO,62940000,2,-54983977,-393206241
2023,Ceará,CE,23,Morada Nova,2308708,MARIA DE FATIMA SARAIVA DE FREITAS EEB,23128860,3,2,0,"SETOR 12, CH2",SN,PIMN,62940000,2,-54983977,-393206241
2023,Ceará,CE,23,Morada Nova,2308708,JOAO BELMINO DA SILVA EEB,23128879,3,2,0,FELIPA DE CIMA,S/N,SEDE RURAL,62940000,2,-54983977,-393206241
2023,Ceará,CE,23,Morada Nova,2308708,JOSE EPIFANIO DAS CHAGAS CEB CORONEL,23128895,3,1,0,AVENIDA MANOEL DE CASTRO,600,CENTRO,62940000,1,-51083602,-383720754
2023,Ceará,CE,23,Morada Nova,2308708,JOSE RAIMUNDO EVANGELISTA EEB CAP,23128917,3,1,0,AVENIDA CORONEL TIBURCIO,393,GIRILANDIA,62940000,2,-54983977,-393206241
2023,Ceará,CE,23,Morada Nova,2308708,REGINA HELENA BEZERRA EEB,23128941,3,2,0,SETOR K,S/N,PERIMETRO IRRIGADO DE MORADA NOVA,62940000,1,-54983977,-393206241
2023,Ceará,CE,23,Morada Nova,2308708,LUIS JOAO DE SOUSA EEB,23128950,3,2,0,SITIO DOURADO,SN,SEDE RURAL,62940000,1,-54983977,-393206241
2023,Ceará,CE,23,Morada Nova,2308708,EEMTI MARIA EMILIA RABELO,23129018,2,1,0,SEDE,619,CENTRO,62940000,1,-51113425,-383685134
2023,Ceará,CE,23,Limoeiro do Norte,2307601,NH 4 UNID ESC,23129093,3,2,0,SETOR NH4,,,62930000,2,-54983977,-393206241
2023,Ceará,CE,23,Limoeiro do Norte,2307601,NH 5 UNID ESC,23129107,3,2,0,SETOR 5,,,62930000,2,-54983977,-393206241
2023,Ceará,CE,23,Limoeiro do Norte,2307601,NH 6 UNID ESC E E I F,23129115,3,2,0,SETOR NH4,SN,ZONA RURAL,62930000,1,-54983977,-393206241
2023,Ceará,CE,23,Morada Nova,2308708,GILCIVAN VIANA DE OLIVEIRA EEB,23129123,3,2,0,SETOR NH-8 O,SN,PIMN,62940000,2,-54983977,-393206241
2023,Ceará,CE,23,Morada Nova,2308708,PERBOYRE GIRAO EEB PREFEITO,23129166,3,1,0,JOSE DE FONTE,340,PEDRE ASSIS MONTEIRO,62940000,1,-54983977,-393206241
2023,Ceará,CE,23,Morada Nova,2308708,TANCREDO DE ALMEIDA NEVES EEB,23129204,3,1,0,RUA IVO FREIRE DE BRITO,S/N,POPULARES,62940000,1,-54983977,-393206241
2023,Ceará,CE,23,Morada Nova,2308708,TENENTE TERCEIRO EEB,23129247,3,1,0,RUA LUIS MAIA SOBRINHO,545,SAO FRANCISCO,62940000,2,-54983977,-393206241
2023,Ceará,CE,23,Morada Nova,2308708,VALDEMIRO GIRAO EEB,23129255,3,2,0,LAGOA DA FLAMENGA,SN,SEDE RURAL,62940000,2,-54983977,-393206241
2023,Ceará,CE,23,Morada Nova,2308708,JOANA PAULA DE MORAES EEB,23129280,3,1,0,AVENIDA PRESIDENTE ERNESTO GEISEL,S/N,ARUARU,62951000,1,-54983977,-393206241
2023,Ceará,CE,23,Morada Nova,2308708,BENEVENUTO LINO DO NASCIMENTO EEB,23129301,3,2,0,RUA DE FATIMA,S/N,ARUARU,62951000,1,-54983977,-393206241
2023,Ceará,CE,23,Morada Nova,2308708,JOSE FRANCISCO SAMPAIO EEB,23129395,3,1,0,RUA JOANA MARIA,S/N,ARUARU,62951000,1,-45785454,-383624527
2023,Ceará,CE,23,Morada Nova,2308708,GEORGINA RIBEIRO DOS SANTOS EEB,23129620,3,2,0,SEDE,SN,ZONA RURAL,62953000,1,-54983977,-393206241
2023,Ceará,CE,23,Morada Nova,2308708,MARIA RABELO MARTINS EEB,23129697,3,2,0,RUA JULIO MARTINS DA COSTA,24,BOA AGUA,62953000,1,-54983977,-393206241
2023,Ceará,CE,23,Morada Nova,2308708,MANOEL FERNANDES SABOIA EEB,23129735,3,2,0,QUIXELO,SN,DISTRITO DE BOA AGUA,62953000,2,-54983977,-393206241
2023,Ceará,CE,23,Morada Nova,2308708,CANDIDO JOSE RABELO EEB,23129808,3,1,0,JUAZEIRO DE BAIXO,25,DISTRITO JUAZEIRO,62945000,1,-54983977,-393206241
2023,Ceará,CE,23,Morada Nova,2308708,JOSE EDUARDO FILHO EBB,23129891,3,2,0,LAGOA DAS CARNAUBAS,35,ZONA RURAL,62945000,1,-54983977,-393206241
2023,Ceará,CE,23,Morada Nova,2308708,RAIMUNDO EUFRAZIO SARAIVA EEB,23129964,3,2,0,BOM SUCESSO,S/N,,62942000,2,-54983977,-393206241
2023,Ceará,CE,23,Morada Nova,2308708,JOSE IRIS RABELO EEB,23130024,3,1,0,RUA VALENTIM MOREIRA,43,LAGOA GRANDE,62942000,1,-54983977,-393206241
2023,Ceará,CE,23,Morada Nova,2308708,RAUL DE SOUSA MARTINS EEB,23130059,3,2,0,LAGOA DA BARBABA,SN,DISTRITO LAGOA GRANDE,62942000,2,-51956147,-385599776
2023,Ceará,CE,23,Morada Nova,2308708,RAIMUNDO PEREIRA DE AGUIAR EEB,23130075,3,2,0,JUAZEIRO,S/N,,62942000,2,-54983977,-393206241
2023,Ceará,CE,23,Morada Nova,2308708,RAIMUNDO VIEIRA DE MELO EEB,23130105,3,2,0,POCAO,SN,POCAO,62943000,2,-54983977,-393206241
2023,Ceará,CE,23,Morada Nova,2308708,ANA NOGUEIRA MAIA,23130130,3,1,0,RUA PADRE PAULINO NOGUEIRA,SN,VILA DE PEDRAS,62943000,1,-51296016,-382415878
2023,Ceará,CE,23,Morada Nova,2308708,MARIA ANGELICA CHAVES EEB,23130245,3,1,0,AV. VALDIVINO ROLDAO,47,ZONA RURAL,62948000,2,-54983977,-393206241
2023,Ceará,CE,23,Morada Nova,2308708,ANTONIO BATISTA DE SOUSA EBB,23130270,3,2,0,CIPOADA,SN,ZONA RURAL,62948000,2,-54983977,-393206241
2023,Ceará,CE,23,Morada Nova,2308708,JOAQUIM CHAGAS FILHO EEB,23130342,3,1,0,TRAVESSA LUIZ VIEIRA,SN,SEDE DO DISTRITO,62948000,1,-51065105,-383684689
2023,Ceará,CE,23,Morada Nova,2308708,JOSE CLEMENTINO DE ARAUJO EEB,23130377,3,2,0,POCO DA PEDRA,SN,DISTRITO DE ROLDAO,62948000,2,-54983977,-393206241
2023,Ceará,CE,23,Morada Nova,2308708,JOSE NOGUEIRA DE QUEIROZ EEB,23130385,3,2,0,EXTREMA,SN,ROLDAO,62948000,1,-41363841,-384850479
2023,Ceará,CE,23,Morada Nova,2308708,FRANCISCO GALVAO DE OLIVEIRA EEB,23130636,3,1,0,RUA JOSE BENTO DA SILVA,339,UIRAPONGA,62940000,1,-51068118,-383758557
2023,Ceará,CE,23,Morada Nova,2308708,FRANCISCO GALVAO FILHO I EEB,23130652,3,2,0,POCO DO BARRO,SN,POCO DO BARRO,62950000,2,-54983977,-393206241
2023,Ceará,CE,23,Palhano,2310001,ADELINO DA SILVA EEF,23130784,3,2,0,SITIO ALMAS,,ZONA RURAL,62910000,2,-54983977,-393206241
2023,Ceará,CE,23,Palhano,2310001,OSANA MARIA DE LIMA CEMEI CENT MUN DE EDUC INF,23130806,3,1,0,AVENIDA POSSIDONIO BARRETO,293,CENTRO,62910000,1,-54983977,-393206241
2023,Ceará,CE,23,Palhano,2310001,FRANCISCO DOMINGOS DA SILVA EEF,23130849,3,2,0,LAGOA DO FEIJAO BRAVO,,ZONA RURAL,62910000,2,-37067401,-385743789
2023,Ceará,CE,23,Palhano,2310001,FCO SILVESTRE OLIVEIRA EEF,23130865,3,2,0,LAGOA DO CAJUEIRO,,ZONA RURAL,62910000,2,-54983977,-393206241
2023,Ceará,CE,23,Palhano,2310001,EEMTI JOSE FRANCISCO DE MOURA,23130890,2,1,0,AV POSSIDONIO BARRETO,459,CENTRO,62910000,1,-4746985,-37960832
2023,Ceará,CE,23,Palhano,2310001,EEF JOSE NUNES SOBRINHO,23130903,3,2,0,LAGOA DA BARBADA,SN,ZONA RURAL,62910000,1,-54983977,-393206241
2023,Ceará,CE,23,Palhano,2310001,JOSEFA Mª DA NATIVIDADE EEF,23130920,3,2,0,LAGOA DA TELHA,SN,ZONA RURAL,62910000,2,-54983977,-393206241
2023,Ceará,CE,23,Palhano,2310001,JOSELITA SANTIAGO AMARAL EEF,23130938,3,1,0,CANTO DA CRUZ,SN,,62910000,2,-54983977,-393206241
2023,Ceará,CE,23,Palhano,2310001,MATEUS SOBRINHO SEDE EEF,23130989,3,1,0,AVENIDA POSSIDONIO BARRETO,340,CENTRO,62910000,1,-54983977,-393206241
2023,Ceará,CE,23,Palhano,2310001,EEF MATEUS SOBRINHO,23130997,3,2,0,LAGOA DA JUREMA,SN,ZONA RURAL,62910000,1,-47468367,-379616382
2023,Ceará,CE,23,Palhano,2310001,RDA JOAQUINA DE JESUS CRECHE,23131020,3,1,0,CANTO DA CRUZ,,,62910000,2,-54983977,-393206241
2023,Ceará,CE,23,Palhano,2310001,SEVERINO XAVIER EEF,23131063,3,1,0,RUA 15 DE NOVEMBRO,840,CENTRO,62910000,1,-45536104,-376797316
2023,Ceará,CE,23,Palhano,2310001,RAIMUNDO NOGUEIRA BARROS EEF,23131101,3,1,0,RUA EDUARDO LIMA,S/N,DISTRITO DE SAO JOSE,62910000,1,-54983977,-393206241
2023,Ceará,CE,23,Quixeré,2311504,AGOSTINHO FCO F LIMA ESCOLA DA EDUCACAO BASICA,23131110,3,2,0,BOM SUCESSO,-,-,62920000,1,-54983977,-393206241
2023,Ceará,CE,23,Quixeré,2311504,ANTONIO MOREIRA DE FREITAS ESCOLA DA EDUCACAO BASICA,23131128,3,1,0,DISTRITO AGUA FRIA,S/N,,62920000,1,-54983977,-393206241
2023,Ceará,CE,23,Quixeré,2311504,FCO JOSE DE OLIVEIRA CENTRO DE EDUCACAO INFANTIL MONS,23131195,3,1,0,RUA MESTRE SALES,153,CENTRO,62920000,1,-54983977,-393206241
2023,Ceará,CE,23,Quixeré,2311504,JOSE DE ANCHIETA ESCOLA DA EDUCACAO BASICA PE,23131284,3,2,0,SITIO CERCADO DO MEIO,S/N,,62920000,1,-88137173,-36954107
2023,Ceará,CE,23,Quixeré,2311504,EEMTI GOVERNADOR MANOEL DE CASTRO FILHO,23131365,2,1,0,RUA PADRE JOAQUIM DE MENEZES,1110,CENTRO,62920000,1,-37631608,-384784422
2023,Ceará,CE,23,Quixeré,2311504,MANOEL GONCALVES DE SOUSA ESCOLA DA EDUCACAO BASICA,23131373,3,2,0,SITIO LEAO,S/N,,62920000,1,-50478116,-379656752
2023,Ceará,CE,23,Quixeré,2311504,RAIMUNDO NONATO DE SENA ESCOLA DA EDUCACAO BASICA VER,23131462,3,1,0,AV. MONS. FRANCISCO JOSE DE OLIVEIRA,1154,CENTRO,62920000,1,-50756287,-379922581
2023,Ceará,CE,23,Quixeré,2311504,FCA LAURA DE JESUS ESCOLA DA EDUCACAO BASICA,23131519,3,2,0,SITIO ITAITINGA,S/N,,62920000,1,-54983977,-393206241
2023,Ceará,CE,23,Quixeré,2311504,JOSE JOAQUIM DA SILVA ESCOLA DA EDUCACAO BASICA,23131535,3,2,0,SITIO VILA NOVA,S/N,,62920000,1,-54983977,-393206241
2023,Ceará,CE,23,Quixeré,2311504,MENINO JESUS DE PRAGA ESCOLA DA EDUCACAO BASICA,23131543,3,1,0,RUA ZACARIAS FERREIRA,S/N,CENTRO,62920000,1,-54983977,-393206241
2023,Ceará,CE,23,Quixeré,2311504,ZACARIAS FERREIRA DE SOUSA ESCOLA DA EDUCACAO BASICA,23131560,3,1,0,RUA JOAO ZACARIAS DE BRITO,1344,CENTRO,62920000,1,-50828187,-379105884
2023,Ceará,CE,23,Quixeré,2311504,IRENE NONATO DA SILVA ESCOLA DA EDUCACAO BASICA PROFESSORA,23131578,3,1,0,VILA DE FATIMA,S/N,,62920000,1,-54983977,-393206241
2023,Ceará,CE,23,Russas,2311801,ALIPIO RODRIGUES DE OLIVEIRA EMEIEF,23131594,3,2,0,SITIO BOA VISTA,SN,ZONA RURAL,62900000,2,-49404694,-379823637
2023,Ceará,CE,23,Russas,2311801,CORACAO DE JESUS EMEIEF,23131691,3,1,0,AVENIDA JOAQUIM DE SOUSA BARRETO,SN,VARZEA ALEGRE,62900000,1,-54983977,-393206241
2023,Ceará,CE,23,Russas,2311801,ELIAS FERREIRA COSTA EMEIEF,23131756,3,2,0,SITIO GRACISMOES,SN,ZONA RURAL,62900000,2,-54983977,-393206241
2023,Ceará,CE,23,Russas,2311801,NOSSA SENHORA DE FATIMA EMEIEF,23131772,3,2,0,BOM SUCESSO,SN,ZONA RURAL,62900000,1,-36639498,-403864082
2023,Ceará,CE,23,Russas,2311801,FRANCISCO DAS CHAGAS LIMA EMEIEF,23131780,3,2,0,LAGOINHA,SN,ZONA RURAL,62900000,1,-37142979,-385849801
2023,Ceará,CE,23,Russas,2311801,FRANCISCO SERGIO REBOUCAS EMEIEF,23131799,3,2,0,BENTO PEREIRA,SN,ZONA RURAL,62900000,1,-48530617,-378976979
2023,Ceará,CE,23,Russas,2311801,COLEGIO ESTADUAL GOVERNADOR FLAVIO MARCILIO,23131802,2,1,0,AV DOM LINO,725,CENTRO,62900000,1,-49379727,-379720655
2023,Ceará,CE,23,Russas,2311801,JOAQUIM SIMPLICIO DA COSTA EMEIEF,23131837,3,2,0,POCO DE ONCA,SN,ZONA RURAL,62900000,1,-54983977,-393206241
2023,Ceará,CE,23,Russas,2311801,DOUTOR JOSE MARTINS DE SANTIAGO EMEIEF,23131853,3,2,0,SITIO PARELHAS,SN,ZONA RURAL,62900000,1,-49469628,-379854397
2023,Ceará,CE,23,Russas,2311801,JOSE RAIMUNDO DE DEUS EMEIEF,23131896,3,1,0,AVENIDA IRMA MARIA DA GRACA,262,CENTRO,62900000,1,-49426681,-379794722
2023,Ceará,CE,23,Russas,2311801,JOSE RICARDO DE MATOS EMEIEF,23131900,3,2,0,SITIO INGA,SN,ZONA RURAL,62900000,1,-54983977,-393206241
2023,Ceará,CE,23,Russas,2311801,JUAREZ SANTIAGO DE LIMA EMEIEF,23131918,3,1,0,TRAVESSA JUAREZ SANTIAGO DE LIMA,SN,PITOMBEIRA II,62900000,1,-54983977,-393206241
2023,Ceará,CE,23,Russas,2311801,LINO GONCALVES EMEIEF,23131926,3,1,0,POCO REDONDO,SN,POCO REDONDO,62900000,1,-54983977,-393206241
2023,Ceará,CE,23,Russas,2311801,LUIS FERREIRA LIMA EMEIEF,23131934,3,2,0,SITIO MELANCIAS,SN,ZONA RURAL,62900000,1,-51574434,-380922304
2023,Ceará,CE,23,Russas,2311801,MARIA MARTINS DE CARVALHO EMEIEF,23131969,3,1,0,RUA MONSENHOR JOAO LUIS,SN,PITOMBEIRA I,62900000,1,-49527626,-379875798
2023,Ceará,CE,23,Russas,2311801,EEM MANUEL MATOSO FILHO,23132000,2,1,0,AV MARIA RAMALHO,336,CENTRO,62900000,1,-49310937,-379667481
2023,Ceará,CE,23,Russas,2311801,CORONEL MURILO SERPA EMEIEF,23132051,3,1,0,TRAVESSA SEBASTIAO SANTIAGO DE LIMA,160,BAIRRO DE FATIMA,62900000,1,-49430356,-379719808
2023,Ceará,CE,23,Russas,2311801,AGRICOLA PADRE PEDRO DE ALCANTARA EMEIEF,23132086,3,2,0,SITIO RETIRO,SN,ZONA RURAL,62900000,1,-54983977,-393206241
2023,Ceará,CE,23,Russas,2311801,ANA XAVIER LOPES EMEIEF,23132108,3,1,0,TRAVESSA JOSE MUNIZ,2457,PLANALTO DA BELA VISTA,62900000,1,-49347637,-379868138
2023,Ceará,CE,23,Russas,2311801,TIA BENILCE EMEIEF,23132175,3,1,0,AVENIDA DOM LINO,204,CENTRO,62900000,1,-49342944,-379697206
2023,Ceará,CE,23,Russas,2311801,ZINA MOREIRA EMEIEF,23132205,3,2,0,TIMBAUBA DE NOSSA SENHORA DAS DORES,SN,ZONA RURAL,62900000,1,-4984918,-37969096
2023,Ceará,CE,23,Russas,2311801,REUNIDA ADOLFO JOSE DA SILVA EMEIEF,23132221,3,2,0,SITIO PEDRAS,SN,ZONA RURAL,62900000,1,-51307226,-397274208
2023,Ceará,CE,23,Russas,2311801,JOAO REBOUCAS DO AMARAL EMEIEF,23132256,3,2,0,SITIO CAPIM GROSSO,SN,ZONA RURAL,62900000,1,-4871733,-38232794
2023,Ceará,CE,23,Russas,2311801,UIRANDE AUGUSTO BORGES EMEIEF,23132370,3,2,0,RUA DO DNOCS,159,BARRACAO,62900000,1,-54983977,-393206241
2023,Ceará,CE,23,Russas,2311801,INACIO DE BARROS NETO EMEIEF,23132388,3,2,0,RUA JOAO ANTONIO,2383,FLORES,62908500,1,-50691922,-380633108
2023,Ceará,CE,23,Russas,2311801,GERARDO SAO EMEIEF,23132434,3,2,0,RAMAL DE FLORES,SN,ZONA RURAL,62908500,1,-54983977,-393206241
2023,Ceará,CE,23,Russas,2311801,EEMTI MARIA DE LOURDES OLIVEIRA,23132507,2,1,0,RUA JOSE SABINO MENDES,2313,FLORES,62903000,1,-72447804,-39377947
2023,Ceará,CE,23,Russas,2311801,WALDEMAR DE SOUSA PINHEIRO ESCOLA MUNICIPAL,23132531,3,2,0,RUA EDUVAL XAVIER PINTO,2560,ZONA RURAL,62900000,1,-54983977,-393206241
2023,Ceará,CE,23,Russas,2311801,FRANCISCO FELIX DE OLIVEIRA EMEIEF,23132540,3,2,0,BOQUEIRAO DO CESARIO,SN,ZONA RURAL,62900000,2,-54983977,-393206241
2023,Ceará,CE,23,Russas,2311801,JOANA ALVES DE SOUSA EMEIEF,23132558,3,2,0,RUA MARIA ALVES DA ROCHA,222,LAGOA GRANDE,62909500,1,-54983977,-393206241
2023,Ceará,CE,23,Russas,2311801,CIRIACO LEANDRO MACIEL EM,23132620,3,2,0,RUA RAIMUNDO MOREIRA DE ARAUJO,221,ZONA RURAL,62900000,1,-49247387,-380898928
2023,Ceará,CE,23,Russas,2311801,SAO JOAO DE DEUS EMEIEF,23132671,3,2,0,RUA PADRE AGOSTINHO,SN,ZONA RURAL,62900000,1,-49808416,-380102284
2023,Ceará,CE,23,Russas,2311801,NICOLAU RODRIGUES LIMA EMEIEF,23132680,3,2,0,SITIO CANTO,SN,ZONA RURAL,62900000,1,-54983977,-393206241
2023,Ceará,CE,23,São João do Jaguaribe,2312502,ALEXANDRE SOARES FILHO ESC MUL E F,23132728,3,2,0,SITIO TAPUIO,,,62965000,2,-54983977,-393206241
2023,Ceará,CE,23,São João do Jaguaribe,2312502,AMBROSIO MACIEL CHAVES EMEF,23132736,3,2,0,SITIO VARZEA ALEGRE,SN,,62965000,2,-54983977,-393206241
2023,Ceará,CE,23,São João do Jaguaribe,2312502,BEVENUTO FERREIRA MAIA EMEF,23132744,3,2,0,SITIO BOM JESUS,SN,ZONA RURAL,62965000,1,-54983977,-393206241
2023,Ceará,CE,23,São João do Jaguaribe,2312502,CAMINHO FELIZ I CRECHE MUNICIPAL TIA IDA,23132752,3,1,0,RUA JOAQUIM FERREIRA,SN,BELA VISTA,62965000,1,-54983977,-393206241
2023,Ceará,CE,23,São João do Jaguaribe,2312502,CAMINHO FELIZ II ACAO CONTINUADA,23132760,3,2,0,SITIO RAPOSO,,,62965000,2,-54983977,-393206241
2023,Ceará,CE,23,São João do Jaguaribe,2312502,CAMINHO FELIZ III ACAO CONTINUADA,23132779,3,2,0,SITIO TAPUIO,,,62965000,2,-54983977,-393206241
2023,Ceará,CE,23,São João do Jaguaribe,2312502,CAMINHO FELIZ IV ACAO CONTINUADA,23132787,3,2,0,SITIO MUNDIAL,,,62965000,2,-54983977,-393206241
2023,Ceará,CE,23,São João do Jaguaribe,2312502,CAMINHO FELIZ VI ACAO CONTINUADA,23132809,3,2,0,SITIO MOCOS,,,62965000,2,-54983977,-393206241
2023,Ceará,CE,23,São João do Jaguaribe,2312502,CAMINHO FELIZ VIII ACAO CONTINUADA,23132825,3,2,0,SITIO LIMA,,,62965000,2,-54983977,-393206241
2023,Ceará,CE,23,São João do Jaguaribe,2312502,CHIQUINHO RODRIGUES EMEF,23132833,3,1,0,RUA CONEGO CLIMERIO CHAVES,269,CENTRO,62965000,1,-54983977,-393206241
2023,Ceará,CE,23,São João do Jaguaribe,2312502,DAMIAO COSTA EMEF,23132841,3,2,0,SITIO MOCOS,SN,ZONA RURAL,62965000,2,-54983977,-393206241
2023,Ceará,CE,23,São João do Jaguaribe,2312502,EEMTI FRANCISCO GUERREIRO CHAVES,23132876,2,1,0,RUA CANDIDO CHAVES,572,CENTRO,62965000,1,-527313,-38275184
2023,Ceará,CE,23,São João do Jaguaribe,2312502,FCO IBIAPINO GRUPO ESCOLAR,23132884,3,2,0,SITIO SAO JOSE,,,62965000,2,-39209609,-408891607
2023,Ceará,CE,23,São João do Jaguaribe,2312502,JOAO GUERREIRO DE SOUZA LIMA EMEF,23132930,3,2,0,SITIO ANGICOS,SN,ZONA RURAL,62965000,1,-54983977,-393206241
2023,Ceará,CE,23,São João do Jaguaribe,2312502,JOSE ADAUTO CHAVES EMEF,23132965,3,2,0,SITIO BOA VISTA,,,62965000,2,-54983977,-393206241
2023,Ceará,CE,23,São João do Jaguaribe,2312502,JUVENCIO PAULA ESC MUL DE ENS FUND,23132973,3,2,0,SITIO LIMA,,,62965000,2,-54983977,-393206241
2023,Ceará,CE,23,São João do Jaguaribe,2312502,MILTON CHAVES E SILVA EMEF,23133007,3,2,0,SITIO MUNDIAL,SN,ZONA RURAL,62965000,1,-54983977,-393206241
2023,Ceará,CE,23,São João do Jaguaribe,2312502,NOEME CHAVES LEITAO ESC MUL ENS FUND,23133015,3,2,0,SITIO NAZARIA,,,62965000,2,-54983977,-393206241
2023,Ceará,CE,23,São João do Jaguaribe,2312502,OLIVIO OLIVALDO CHAVES EMEF,23133023,3,2,0,SITIO RAPOSO,,,62965000,2,-54983977,-393206241
2023,Ceará,CE,23,São João do Jaguaribe,2312502,RDA SOARES DE OLIVEIRA CHAVES EMEF,23133031,3,2,0,SITIO PINTO,,,62965000,2,-54983977,-393206241
2023,Ceará,CE,23,São João do Jaguaribe,2312502,VICENTE ROSENDO FREIRE EMEF,23133058,3,2,0,SITIO SAO BRAZ,,,62965000,2,-54983977,-393206241
2023,Ceará,CE,23,São João do Jaguaribe,2312502,VIRGILIO TAVORA EMEF,23133066,3,2,0,SITIO CHARNECA,SN,ZONA RURAL,62965000,2,-54983977,-393206241
2023,Ceará,CE,23,Tabuleiro do Norte,2313104,EMEF ACELINO MAIA,23133074,3,1,0,RUA VICENTE LAURINDO,S/N,BOM FUTURO,62960000,1,-52656996,-381168836
2023,Ceará,CE,23,Tabuleiro do Norte,2313104,ANTONIO ALVES MAIA EMEF,23133112,3,1,0,RUA CORONEL PIO GADELHA,4683,CENTRO,62960000,1,-43282334,-388684838
2023,Ceará,CE,23,Tabuleiro do Norte,2313104,JOSE AUGUSTO REGES ALVES PE EMEIF,23133139,3,2,1,ASSENTAMENTO BARRA DO FEIJAO,,ZONA RURAL,62960000,1,-88137173,-36954107
2023,Ceará,CE,23,Tabuleiro do Norte,2313104,EEEP AVELINO MAGALHAES,23133155,2,1,0,RUA MARIA ALZENIR FREITAS,4915,ZONA URBANA,62960000,1,-52366277,-381415943
2023,Ceará,CE,23,Tabuleiro do Norte,2313104,CLIMERIO JOSINO MAIA EMEF,23133180,3,1,0,RUA JOAQUIM IZIDIO GADELHA,5277,MACENA,62960000,1,-54983977,-393206241
2023,Ceará,CE,23,Tabuleiro do Norte,2313104,OTILIO NOBRE DE BRITO,23133198,3,2,0,COMUNIDADE PEDRA PRETA,SN,ZONA RURAL,62960000,1,-54983977,-393206241
2023,Ceará,CE,23,Tabuleiro do Norte,2313104,NOSSA SENHORA DE FATIMA EMEF,23133244,3,1,0,RUA JOAO FERREIRA BRAUNA,191,VILA JOSE MENDES,62960000,1,-4938337,-379651296
2023,Ceará,CE,23,Tabuleiro do Norte,2313104,EEMTI FRANCISCO MOREIRA FILHO,23133295,2,1,0,RUA MANOEL FRANKLIN,4915,CENTRO,62960000,1,-52486168,-381248291
2023,Ceará,CE,23,Tabuleiro do Norte,2313104,GOV MANOEL CASTRO FILHO EEF,23133449,2,2,0,SITIO JUAZEIRO,SN,,62960000,3,-37631608,-384784422
2023,Ceará,CE,23,Tabuleiro do Norte,2313104,EMEF PEDRO MOREIRA DE SOUZA,23133490,3,2,0,RUA JOSE FELIPE S/N,S/N,ZONA RURAL,62960000,1,-53046771,-38105666
2023,Ceará,CE,23,Tabuleiro do Norte,2313104,EEMTI ANTONIO VIDAL MALVEIRA,23133554,2,1,0,RUA DO COMERCIO,157,CENTRO,62960000,1,-53874589,-380160397
2023,Ceará,CE,23,Tabuleiro do Norte,2313104,DANIEL ALEXANDRE DA COSTA EMEIF,23133562,3,2,0,SITIO CAMPOS NOVOS,,ZONA RURAL,62960000,2,-54983977,-393206241
2023,Ceará,CE,23,Tabuleiro do Norte,2313104,JOSE BIZERRA DE LIMA EMEIF,23133619,3,2,0,SITIO SAO BENTO,,ZONA RURAL,62960000,1,-54983977,-393206241
2023,Ceará,CE,23,Tabuleiro do Norte,2313104,MARIA SANTA FREIRE EMEIF,23133732,3,2,0,DISTRITO DE PEIXE GORDO,S/N,ZONA RURAL,62960000,1,-54983977,-393206241
2023,Ceará,CE,23,Aracati,2301109,EEF ZUMBI DOS PALMARES,23180358,3,2,1,ASSENTAMMENTO ZUMBI DOS PALMARES,S/N,ZONA RURAL,62800000,1,-54983977,-393206241
2023,Ceará,CE,23,Russas,2311801,MARCONDES MATOS CAVALCANTE PADRE EMEIEF,23180676,3,2,0,AVENIDA ASTROGILDA MOREIRA DE SOUSA,SN,ZONA RURAL,62900000,1,-50154034,-380480504
2023,Ceará,CE,23,Jaguaruana,2307007,BENEVOLO GOMES DINIZ UEI,23180820,3,2,0,SITIO VOLTA,S/N,ZONA RURAL,62823000,1,-47747557,-377978343
2023,Ceará,CE,23,Quixeré,2311504,RITA NOGUEIRA DE OLIVEIRA E E I,23181087,3,1,0,VILA DE FATIMA,S/N,,62920000,1,-54983977,-393206241
2023,Ceará,CE,23,São João do Jaguaribe,2312502,CAMINHO FELIZ XI ACAO CONTINUADA,23184400,3,2,0,SITIO VARZEA ALEGRE,,,62965000,2,-54983977,-393206241
2023,Ceará,CE,23,São João do Jaguaribe,2312502,CAMINHO FELIZ X ACAO CONTINUADA,23184450,3,2,0,SITIO SAO JOSE,SN,ZONA RURAL,62965000,2,-54983977,-393206241
2023,Ceará,CE,23,São João do Jaguaribe,2312502,CAMINHO FELIZ IX ACAO CONTINUADA,23184485,3,2,0,SITIO PINTO,SN,ZONA RURAL,62965000,2,-54983977,-393206241
2023,Ceará,CE,23,São João do Jaguaribe,2312502,ALEGRIA DE SABER II ACAO CONTINUADA,23184523,3,2,0,SITIO ANGICOS,SN,ZONA RURAL,62965000,2,-7223721,-39328458
2023,Ceará,CE,23,São João do Jaguaribe,2312502,ALEGRIA DO SABER I ACAO CONTINUADA,23184582,3,2,0,SITIO BOM JESUS,SN,ZONA RURAL,62965000,2,-54983977,-393206241
2023,Ceará,CE,23,Fortim,2304459,DE COQUEIRINHO EEF,23187387,3,2,1,ASSENTAMENTO COQUEIRINHO,,,62815000,1,-54983977,-393206241
2023,Ceará,CE,23,Itaiçaba,2306207,JOSE HELDER MENDONCA MOREIRA EEF,23195525,3,2,0,ASSENTAMENTO TOME AFONSO,SN,,62820000,2,-49121826,-379953805
2023,Ceará,CE,23,Quixeré,2311504,SEBASTIAO LEMOS DE ARAUJO CENTRO DE EDUCACAO INFANTIL VEREADOR,23195711,3,1,0,AGUA FRIA,S/N,,62920000,1,-54983977,-393206241
2023,Ceará,CE,23,Morada Nova,2308708,JOSE JOAQUIM DOS SANTOS EEB,23196556,3,2,0,TERRA NOVA,SN,,62951000,2,-47631284,-394821526
2023,Ceará,CE,23,Morada Nova,2308708,ANTONIO DE QUEIROZ FERREIRA EEB,23196572,3,2,0,BOM JESUS,SN,ZONA RURAL,62953000,2,-54983977,-393206241
2023,Ceará,CE,23,Morada Nova,2308708,PINOQUIO CEI,23196912,3,1,0,JEREMIAS CANDIDO,811,SAO JOSE,62940000,1,-54983977,-393206241
2023,Ceará,CE,23,Morada Nova,2308708,MUNDO MAGICO CEI,23196920,3,1,0,RAIMUNDO FREIRE DE BRITO,SN,02 DE AGOSTO,62940000,1,-54983977,-393206241
2023,Ceará,CE,23,Morada Nova,2308708,SAO JOSE EEB,23196980,3,2,0,ASSENTAMENTO AMAZONAS,SN,ZONA RURAL,62951000,2,-54983977,-393206241
2023,Ceará,CE,23,Morada Nova,2308708,NUVEM DE ALGODAO CEI,23197030,3,2,0,RUA ANGELO DA SILVA,1954,DISTRITO ARUARU,62951000,1,-54983977,-393206241
2023,Ceará,CE,23,Russas,2311801,MARGARIDA MARIA DE ALACOQUE EM,23201800,3,1,0,RUA FELIPE SANTIAGO,SN,ALTO DO VELAME,62900000,1,-54983977,-393206241
2023,Ceará,CE,23,Aracati,2301109,EEF ZE MELANCIA,23202831,3,2,0,RUA DRAGAO DO MAR,SN,CANOA QUEBRADA,62800000,1,-54983977,-393206241
2023,Ceará,CE,23,Aracati,2301109,EEF CENTRO EDUCACIONAL RAIZES E ASAS,23202840,3,1,0,RUA TABAJARA,S/N,NOSSA SENHORA DE FATIMA,62800000,1,-54983977,-393206241
2023,Ceará,CE,23,Aracati,2301109,CEI MARIA LEONOR MAIA,23202858,3,2,0,RUA EUCLIDES MOREIRA DA ROCHA,693,,62800000,1,-54983977,-393206241
2023,Ceará,CE,23,Aracati,2301109,EEF PROFESSOR ANTONIO MONTEIRO,23202866,3,1,0,BR 304 / KM 44,200,AEROPORTO,62800000,1,-54983977,-393206241
2023,Ceará,CE,23,Aracati,2301109,CEI ARMANDO DIAS SIMOES,23202874,3,1,0,RUA TALES MILETO,1299,AEROPORTO,62800000,1,-54983977,-393206241
2023,Ceará,CE,23,Aracati,2301109,CEI RITA CALIXTO LIMA,23202890,3,1,0,RUA ALDOVANDO COSTA LIMA,133,NOSSA SENHORA DE LOURDES,62800000,1,-54983977,-393206241
2023,Ceará,CE,23,Aracati,2301109,CEI MARIA RODRIGUES PRACA,23202912,3,1,0,VILA SAO CRISTOVAO,S/N,FARIAS BRITO,62800000,1,-54983977,-393206241
2023,Ceará,CE,23,Aracati,2301109,CEI ZILDA ALEXANDRE GONDIM,23202920,3,1,0,RUA ARMANDO PRACA,S/N,VARZEA DA MATRIZ,62800000,1,-4559839,-377635801
2023,Ceará,CE,23,Aracati,2301109,CEI PROFª MARIA ERIDAN DE FREITAS,23202939,3,1,0,RUA CORONEL ALEXANZITO,517,CENTRO,62800000,1,-54983977,-393206241
2023,Ceará,CE,23,Aracati,2301109,EEF AUXILIADORA,23202947,3,1,0,RUA CORONEL POMPEU,835,CENTRO,62800000,1,-54983977,-393206241
2023,Ceará,CE,23,Aracati,2301109,EEF 27 DE JULHO,23202971,3,2,1,ASSENTAMENTO AROEIRA VILANY,S/N,ZONA RURAL,62800000,1,-46594423,-377318453
2023,Ceará,CE,23,Aracati,2301109,EEF PASSOS LIVRES,23202998,3,2,1,ASSENTAMENTO CAMPOS VERDES,S/N,ZONA RURAL,62800000,1,-48543289,-375525261
2023,Ceará,CE,23,Aracati,2301109,EEF ANTONIO DA ROCHA,23203013,3,2,0,ASSENTAMENTO UMARI,S/N,,62800000,2,-54983977,-393206241
2023,Ceará,CE,23,Tabuleiro do Norte,2313104,ERUNDINA NUNES MALVEIRA EMEF,23203382,3,1,0,RUA JOSE DOS REIS,0,DISTRITO OLHO DAGUA,62960000,1,-54983977,-393206241
2023,Ceará,CE,23,Alto Santo,2300705,31 DE MARCO EMEF,23203480,3,2,0,SITIO RIACHO SECO,SN,ZONA RURAL,62970000,2,-54983977,-393206241
2023,Ceará,CE,23,Alto Santo,2300705,ROMULO REMIGIO EMEF,23203510,3,2,1,ASSENTAMENTO IPANEMA I,S/N,ZONA RURAL,62970000,1,-54983977,-393206241
2023,Ceará,CE,23,Alto Santo,2300705,EEM FRANCISCO NONATO FREIRE,23203536,2,1,0,AV DR FCO EDSON GUERRA BEZERRA,667,CENTRO,62970000,1,-55148265,-38266892
2023,Ceará,CE,23,São João do Jaguaribe,2312502,ASSENTAMENTO EMEF,23204273,3,2,0,FAZENDA CHARNECA,SN,ZONA RURAL,62965000,2,-54983977,-393206241
2023,Ceará,CE,23,Morada Nova,2308708,ANA CLARA ANDRADE NANTUA BENTO EEB PROFª,23210389,3,1,0,RUA JOSE DE SOUSA MARTINS,261,SAO FRANCISCO,62940000,1,-54983977,-393206241
2023,Ceará,CE,23,São João do Jaguaribe,2312502,RAIMUNDA IDA VIDAL CHAVES EMEF,23211016,3,1,0,RUA CONEGO CLIMERIO CHAVES,269,CENTRO,62965000,2,-52887426,-406757125
2023,Ceará,CE,23,Limoeiro do Norte,2307601,CEJA DOUTOR JOSE NILSON OSTERNE OLIVEIRA,23211202,2,1,0,RUA DOS EXPEDICIONARIOS,2991,CENTRO,62930000,1,-51412215,-380956768
2023,Ceará,CE,23,Tabuleiro do Norte,2313104,SENHORINHA OLIVEIRA GONDIM EMEIF,23213850,3,2,0,SITIO JUAZEIRO,SN,ZONA RURAL,62960000,1,-37590392,-384794862
2023,Ceará,CE,23,Palhano,2310001,TIA MAROQUINHA CRECHE,23216085,3,2,0,LAGOA DO CAJUEIRINHO,SN,ZONA RURAL,62910000,2,-53017709,-38922341
2023,Ceará,CE,23,Morada Nova,2308708,PARQUE DOS SONHOS CEI,23216107,3,1,0,BARTOLOMEU AQUINO DOS SANTOS,515,HERMOGENES HENRIQUE GIRAO,62940000,1,-54983977,-393206241
2023,Ceará,CE,23,Russas,2311801,LAR TIA BENILCE CRECHE,23217669,3,1,0,AVENIDA DOM LINO,204,CENTRO,62900000,2,-54983977,-393206241
2023,Ceará,CE,23,Russas,2311801,FRANCISCO AGACI FERNANDES DA SILVA CAIC,23217715,3,1,0,RUA VINTE E CINCO,SN,TABULEIRO DO CATAVENTO,62900000,1,-54983977,-393206241
2023,Ceará,CE,23,Russas,2311801,CRIANCA FELIZ CRECHE,23217774,3,2,0,SITIO PARELHAS,SN,ZONA RURAL,62900000,2,-54983977,-393206241
2023,Ceará,CE,23,Russas,2311801,MARIA GOMES DA SILVA CRECHE,23217910,3,2,0,SITIO INGA,SN,ZONA RURAL,62900000,2,-37834951,-392693348
2023,Ceará,CE,23,Jaguaruana,2307007,MONSENHOR ALUISIO DE CASTRO FILGUEIRAS - EEF,23221313,3,1,0,RUA JOAO FRANCISCO RODRIGUES,1384,TABULEIRO,62823000,1,-54983977,-393206241
2023,Ceará,CE,23,Jaguaruana,2307007,ANTONIO VALENTE FILHO CEI,23221321,3,2,0,SITIO ANTONOPOLIS,S/N,,62823000,1,-54983977,-393206241
2023,Ceará,CE,23,Limoeiro do Norte,2307601,MARIA GONCALVES DA ROCHA LEAL E E F,23223936,3,1,0,RUA CELIO SANTIAGO,976,CENTRO,62930000,1,-54983977,-393206241
2023,Ceará,CE,23,São João do Jaguaribe,2312502,CAMINHO FELIZ V ACAO CONTINUADA,23228091,3,2,0,FAZENDA CHARNECA,SN,ZONA RURAL,62965000,2,-54983977,-393206241
2023,Ceará,CE,23,Icapuí,2305357,HORIZONTE DA CIDADANIA EEF,23228105,3,2,0,PRAIA DE REDONDA,,REDONDA,62810000,1,-46514123,-374762994
2023,Ceará,CE,23,Limoeiro do Norte,2307601,ESTER GUIMARAES MALVEIRA EEIF,23228148,3,1,0,RUA CELIO SANTIAGO,1452,JOAO XXIII,62930000,1,-51512788,-381306142
2023,Ceará,CE,23,Limoeiro do Norte,2307601,LUCAS EVANGELISTA DE OLIVEIRA E E F,23228156,3,2,0,CARBOMIL,,,62930000,2,-54983977,-393206241
2023,Ceará,CE,23,Palhano,2310001,CRESCENDO E APRENDENDO CRECHE,23228164,3,2,0,AVENIDA JOSE FRANCISCO DE ARRUDA,SN,,62910000,1,-54983977,-393206241
2023,Ceará,CE,23,Palhano,2310001,ESCOLINHA MIGUEL RODRIGUES SANTIAGO,23228172,3,2,0,LAGOA CERCADA,,ZONA RURAL,62910000,2,-54983977,-393206241
2023,Ceará,CE,23,Alto Santo,2300705,CAZUZA BEZERRA EMEF,23228237,3,1,0,RUA 31 DE MARCO,447,CENTRO,62970000,1,-54983977,-393206241
2023,Ceará,CE,23,Fortim,2304459,CRIANCA FELIZ EEI,23228245,3,1,0,RUA JOAQUIM CRISOSTOMO,,CENTRO,62815000,2,-54983977,-393206241
2023,Ceará,CE,23,Alto Santo,2300705,ALEXANDRINO DIOGENES EMEF,23228644,3,2,0,ASSENTAMENTO CAROBA,,,62970000,2,-54983977,-393206241
2023,Ceará,CE,23,Russas,2311801,RAIMUNDO PELOPIDAS DE ARAUJO EMEIEF,23233273,3,1,0,TRAVESSA MATOSO,SN,NOSSA SENHORA DE FATIMA,62900000,1,-49394052,-379869182
2023,Ceará,CE,23,Aracati,2301109,IFCE - CAMPUS ARACATI,23236043,1,1,0,"CE 040, KM 137.1",S/N,AEROPORTO,62800000,1,-45612094,-377688612
2023,Ceará,CE,23,Morada Nova,2308708,EEEP OSMIRA EDUARDO DE CASTRO,23236078,2,1,0,RUA ALUIZIO GONZAGA LIMA,SN,02 DE AGOSTO,62940000,1,-51107022,-38362846
2023,Ceará,CE,23,Jaguaruana,2307007,EEEP FRANCISCA ROCHA SILVA,23236094,2,1,0,RUA JOAO CELEDONIO SOBRINHO,SN,ALTO,62823000,1,-48315702,-377798769
2023,Ceará,CE,23,São João do Jaguaribe,2312502,CAMINHO FELIZ VII ACAO CONTINUADA,23237716,3,2,0,SITIO ITAPAGIPE,SN,ZONA RURAL,62965000,2,-54983977,-393206241
2023,Ceará,CE,23,São João do Jaguaribe,2312502,CAMINHO FELIZ XII ACAO CONTINUADA,23237724,3,2,0,SITIO CHARNECA,SN,ZONA RURAL,62965000,2,-54983977,-393206241
2023,Ceará,CE,23,Limoeiro do Norte,2307601,CRECHE CARMELITA SETUBAL CASTELO BRANCO,23237791,3,2,0,LIMOEIRO ALTO,,,62930000,2,-51505054,-381346368
2023,Ceará,CE,23,Quixeré,2311504,MARIA SUZILANE SANTIAGO LIMA CENTRO DE EDUCACAO INFANTIL,23237848,3,1,0,RUA MESTRE ISIDORIO,S/N,,62920000,1,-54983977,-393206241
2023,Ceará,CE,23,Tabuleiro do Norte,2313104,RAQUEL MONTEIRO CHAVES CENTRO MUNICIPAL DE EDUCACAO INFANTIL,23237864,3,1,0,RUA MONSENHOR OTAVIO SANTIAGO,465,08 DE SETEMBRO,62960000,1,-54983977,-393206241
2023,Ceará,CE,23,Tabuleiro do Norte,2313104,MARCIONILA MARIA DE BRITO CMEI,23237872,3,2,0,AVENIDA 29 DE JUNHO,,ZONA RURAL,62960000,1,-54983977,-393206241
2023,Ceará,CE,23,Tabuleiro do Norte,2313104,IFCE - CAMPUS TABULEIRO DO NORTE,23245123,1,1,0,RODOVIA CE 377 KM 2,S/N,JOSE ROSENDO FREIRE,62960000,1,-5237437,-381451385
2023,Ceará,CE,23,Morada Nova,2308708,IFCE - CAMPUS MORADA NOVA,23245131,1,1,0,AVENIDA PREFEITO RAIMUNDO JOSE RABELO,2717,JULIA SANTIAGO,62940000,1,-5091225,-383648397
2023,Ceará,CE,23,Icapuí,2305357,JOSE CLAUDIO REBOUCAS RODRIGUES CEI,23246227,3,2,0,NOVA BELEM,SN,BELEM,62810000,1,-54983977,-393206241
2023,Ceará,CE,23,Aracati,2301109,CEI PROFª MARIA SALETE MORAIS,23249013,3,1,0,AVENIDA ABELARDO GURGEL COSTA LIMA,S/N,VARZEA DA MATRIZ,62800000,1,-54983977,-393206241
2023,Ceará,CE,23,São João do Jaguaribe,2312502,XIII ACAO CONTINUADA CAMINHO FELIZ,23249242,3,2,0,SITIO BOA VISTA,SN,ZONA RURAL,62965000,2,-54983977,-393206241
2023,Ceará,CE,23,Limoeiro do Norte,2307601,JUDITE CHAVES SARAIVA ESCOLA E E F,23249935,3,1,0,RUA CELIO SANTIAGO,430,CENTRO,62930000,1,-54983977,-393206241
2023,Ceará,CE,23,Fortim,2304459,MARIO TEIXEIRA DE CARVALHO CENTRO DE EDUCACAO INFANTIL,23251948,3,1,0,RUA ISABEL MONTEIRO,739,BARRA,62815000,1,-54983977,-393206241
2023,Ceará,CE,23,Morada Nova,2308708,EUNICE GALVAO LIMA DE CASTELO BRANCO CEI,23252103,3,1,0,AV. SANTOS DUMONT,2645,JULIA SANTIAGO,62940000,1,-54983977,-393206241
2023,Ceará,CE,23,Quixeré,2311504,EEMTI JOAQUIM RODRIGUES DE LIMA,23252413,2,1,0,RUA INACIO MOREIRA,SN,CENTRO,62920000,1,-50885649,-379026476
2023,Ceará,CE,23,Limoeiro do Norte,2307601,VALDETRUDES EDITH HOLANDA E E F,23255161,3,1,0,RUA JOAQUIM FERREIRA SOMBRA,SN,BOM NOME,62930000,1,-54983977,-393206241
2023,Ceará,CE,23,Limoeiro do Norte,2307601,ESTEFANIA PINHEIRO E E F,23255196,3,2,0,SAO RAIMUNDO,,,62930000,2,-54983977,-393206241
2023,Ceará,CE,23,Russas,2311801,EEEP PROFESSOR WALQUER CAVALCANTE MAIA,23255528,2,1,0,TRAVESSA PEDRO ARAUJO,175,IPIRANGA,62900000,1,-54983977,-393206241
2023,Ceará,CE,23,Limoeiro do Norte,2307601,FRANCISCO DA SILVA LUZ EEF,23258080,3,2,0,BOM FIM,,,62930000,2,-51513269,-380914147
2023,Ceará,CE,23,Palhano,2310001,CRECHE MARIA DE FATIMA DA SILVA BESSERA,23258659,3,1,0,RUA JOSE BARRETO DA SILVA,200,CENTRO,62910000,1,-54983977,-393206241
2023,Ceará,CE,23,Jaguaruana,2307007,IFCE - CAMPUS JAGUARUANA,23259442,1,1,0,AV. ANTONIO DA ROCHA FREITAS,1566,CENTRO,62823970,1,-48383933,-377852345
2023,Ceará,CE,23,Fortim,2304459,MAURO BONOTTO EEF,23261498,3,1,0,VILA CAMPESTRE,SN,CAMPESTRE,62817000,1,-54983977,-393206241
2023,Ceará,CE,23,São João do Jaguaribe,2312502,ALEGRIA DE SABER III ACAO CONTINUADA,23261544,3,2,0,ASSENTAMENTO FAZENDA CHARNECA,SN,ZONA RURAL,62965000,2,-7223721,-39328458
2023,Ceará,CE,23,Aracati,2301109,EEEP PROFESSORA ELSA MARIA PORTO COSTA LIMA,23265426,2,1,0,RUA JOSE DE ALENCAR,1930,N SR DE LOURDES,62800000,1,-45736709,-377662061
2023,Ceará,CE,23,Itaiçaba,2306207,FRANCISCO AMARAL MAIA CEI,23265523,3,2,0,LOCALIDADE DE LOGRADOURO QUARTEIRAO 10,34,LOGRADOURO,62820000,1,-54983977,-393206241
2023,Ceará,CE,23,Fortim,2304459,ARCA DA ALIANCA ESCOLA DE EDUCACAO INFANTIL E ENSINO FUNDAMENTAL,23265655,3,1,0,FORTIM,,CENTRO,62815000,2,-54983977,-393206241
2023,Ceará,CE,23,Icapuí,2305357,ANGELA MARIA DE GOIS CEI PROFESSORA,23265663,3,1,0,RUA ZE BIRU,,CENTRO,62810000,1,-47103642,-373557593
2023,Ceará,CE,23,Icapuí,2305357,ANA RODRIGUES DA SILVA CEI,23265949,3,2,0,VILA NOVA,,VILA NOVA,62810000,1,-54983977,-393206241
2023,Ceará,CE,23,Fortim,2304459,COMUNITARIA MANUEL F NETO ESC DE ENS FUNDAMENTAL,23266384,3,2,0,GUAJIRU,,GUAJIRU,62817000,2,-54983977,-393206241
2023,Ceará,CE,23,Russas,2311801,CEI ANA DE OLIVEIRA ROCHA SOMBRA,23266481,3,1,0,RUA SCIPIAO MAIA SCIPIAO,100,VARZEA ALEGRE,62900000,1,-54983977,-393206241
2023,Ceará,CE,23,Jaguaruana,2307007,RAIMUNDO PEREIRA BEZERRA CEI,23267461,3,1,0,CORREGO DO TABULEIRO,S/N,SANTA LUZIA,62823000,1,-54983977,-393206241
2023,Ceará,CE,23,Alto Santo,2300705,DOM BOSCO EMEF,23268719,3,2,0,SITIO LAGOA GRANDE,,ZONARURAL,62970000,2,-54983977,-393206241
2023,Ceará,CE,23,Tabuleiro do Norte,2313104,FRANCISCA PINHEIRO CHAVES CENTRO MUNICIPAL DE EDUCACAO INFANTIL,23269260,3,1,0,RUA ANTONIO VIDAL MALVEIRA,81,CENTRO,62960000,1,-54983977,-393206241
2023,Ceará,CE,23,Tabuleiro do Norte,2313104,CMEI RAQUEL ALEXANDRE DE OLIVEIRA,23269286,3,1,0,RUA JOAQUIM IZIDIO GADELHA,5277,MACENA,62960000,1,-5250047,-381329038
2023,Ceará,CE,23,Tabuleiro do Norte,2313104,MARIA ANALIA DE LIMA CENTRO MUNICIPAL DE EDUCACAO INFANTIL,23269308,3,1,0,RUA MANOEL FRANKLIN,4117,CENTRO,62960000,1,-54983977,-393206241
2023,Ceará,CE,23,Russas,2311801,UNIDADE EDUCACIONAL DE EDUCACAO INFANTIL AFRA ARAUJO LIMA,23270098,3,1,0,RUA TETA,1205,CATUMBELA,62900000,1,-54983977,-393206241
2023,Ceará,CE,23,Limoeiro do Norte,2307601,INACIO HOLANDA MENDES CENTRO DE EDUCACAO INFANTIL,23270853,3,2,0,AVENIDA DOS EXPEDICIONARIOS 5860-1 CE337,,BOA FE,62930000,2,-54983977,-393206241
2023,Ceará,CE,23,Aracati,2301109,CRECHE EM TEMPO INTEGRAL SASKIA NATALIA BRIGIDO BATISTA,23271825,3,1,0,RUA PADRE PACHECO,S/N,VARZEA DA MATRIZ,62800000,1,-54983977,-393206241
2023,Ceará,CE,23,Aracati,2301109,EEF TI DARCY RIBEIRO,23271841,3,1,0,RUA TEOFILO PINTO,200,FARIAS BRITO,62800000,1,-54983977,-393206241
2023,Ceará,CE,23,Fortim,2304459,EGISA CLEMENTE LIRA EEI E CRECHE,23272457,3,1,0,FORTMI,,CAPIM ACU,62815000,2,-54983977,-393206241
2023,Ceará,CE,23,Quixeré,2311504,MARIA ANGELINA DA CONCEICAO ESCOLA DE EDUCACAO BASICA,23272961,3,2,0,VILA NOVA,SN,,62920000,1,-54983977,-393206241
2023,Ceará,CE,23,Alto Santo,2300705,PROFESSORA EDITE MAIA MACHADO EMEF,23273232,3,1,0,RUA PROJETADA 1,,TIBOLO,62970000,1,-54983977,-393206241
2023,Ceará,CE,23,Limoeiro do Norte,2307601,EVALDO HOLANDA MAIA EMEF,23273704,3,1,0,RUA PADRE VICENTE,S/N,JOSE SIMOES,62930000,1,-54983977,-393206241
2023,Ceará,CE,23,Russas,2311801,MANUELITO MAIA MEIRELES EM,23273712,3,1,0,RUA VINTE,2010,LAGOA DO TOCO,62900000,1,-4923016,-37977122
2023,Ceará,CE,23,Morada Nova,2308708,HILDA PONCIANO DE OLIVEIRA LIMA PROFESSORA EEB,23273950,3,1,0,RUA RAIMUNDO CARNEIRO GIRAO,872,SAO JOSE,62940000,1,-54983977,-393206241
2023,Ceará,CE,23,Aracati,2301109,NUCLEO DE ATENDIMENTO ESPECIALIZADO E INCLUSAO,23274557,3,1,0,RUA CORONEL ALEXANZITO,538,CENTRO,62800000,1,-54983977,-393206241
2023,Ceará,CE,23,Aracati,2301109,CENTRO DE EDUCACAO DE JOVENS E ADULTOS - CEJA PROFESSOR JOSE HERCILIO SILVERIO VIRGINIO,23276355,3,1,0,RUA CORONEL ALEXANZITO,520,CENTRO,62800000,1,-51412273,-380956797
2023,Ceará,CE,23,Alto Santo,2300705,EEEP VEREADOR JOSE BATISTA FILHO - ZEZINHO BATISTA,23276509,2,1,0,RUA DOM POMPEU,SN,CENTRO,62970000,1,-54983977,-393206241
2023,Ceará,CE,23,Limoeiro do Norte,2307601,EEEP LUCIA BALTAZAR COSTA,23277904,2,1,0,"RUA GONCALVES PEREIRA, 1213, CONJUNTO HABITACIONAL, QUADRA B",1213,LUIZ ALVES DE FREITAS,62930000,1,-51274677,-380902436
2023,Ceará,CE,23,Icapuí,2305357,EEEP JAIME DA CUNHA REBOUCAS,23277920,2,1,0,CE 261 SERRA DO MAR,SN,MUTAMBA,62810000,1,-46889499,-374034795
2023,Ceará,CE,23,Aracati,2301109,EEF MIRIAN CALIXTO LIMA GONDIM,23281251,3,1,0,TRAVESSA ALEXANDRE LIMA,S/N,ATERRO,62800000,1,-54983977,-393206241
2023,Ceará,CE,23,Morada Nova,2308708,CENTRO INTEGRADO DE EDUCACAO ESPECIAL E INCLUSAO,23314613,3,1,0,JOSE MILTON GUERRA,1,IRAPUAN NOBRE,62940000,2,-54983977,-393206241
2023,Ceará,CE,23,Itaiçaba,2306207,ABILIO MONTEIRO PE EEF,23321415,3,1,0,AVENIDA JOAO BARBBOSA LIMA,1074,CENTRO,62820000,1,-88137173,-36954107
2023,Ceará,CE,23,Alto Santo,2300705,ODIL BENIGNO DE OLIVEIRA EMEF,23324813,3,2,0,SITIO BAIXA DOS CABRAS,S/N,,62970000,2,-54983977,-393206241
2023,Ceará,CE,23,Alto Santo,2300705,EMEF MARIA DO SOCORRO MAIA,23336013,3,1,0,CONJUNTO HABITACIONAL JOSE WILKER CAMPELO,SN,JARDIM,62970000,1,-52443511,-381354641
2023,Ceará,CE,23,Morada Nova,2308708,MUNDO ENCANTADO CEI,23339012,3,1,0,PADRE FRANCISCO ALVES TEIXEIRA,369,ACUDE VELHO,62940000,1,-54983977,-393206241
2023,Ceará,CE,23,Quixeré,2311504,JOAO OLIVEIRA LIMA ESCOLA DA EDUCACAO BASICA PROFESSOR,23461764,3,1,0,TRAVESSA MANOEL INACIO DA COSTA,259,PONTAL,62920000,1,-54983977,-393206241
2023,Ceará,CE,23,Aracati,2301109,EEF SAO MARCELINO CHAMPAGNAT,23462132,3,1,0,RUA CORONEL ALEXANZITO,1272,CENTRO,62800000,1,-54983977,-393206241
2023,Ceará,CE,23,Icapuí,2305357,ALFREDO TEODOLINO DAMASCENO CEI,23517980,3,2,0,PRAIA DE TREMEMBE,,TREMEMBE,62810000,1,-54983977,-393206241
2023,Ceará,CE,23,Limoeiro do Norte,2307601,IFCE - CAMPUS LIMOEIRO DO NORTE,23533986,1,1,0,RUA ESTEVAM REMIGIO,1145,CENTRO,62930000,1,-51458957,-380936064
2023,Ceará,CE,23,Jaguaruana,2307007,NUCLEO DE EDUCACAO INFANTIL MARIA DE FATIMA SILVA MOREIRA - NEI TIA FATINHA,23545992,3,1,0,RUA CEL RAIMUNDO FRANCISCO,1389,JUAZEIRO,62823000,1,-54983977,-393206241
2023,Ceará,CE,23,Jaguaruana,2307007,MARIA HELENA DA SILVA CMEI PROF,23564334,3,1,0,SITIO CAPOEIRA,S/N,CAPOEIRA,62823000,1,-38383909,-386279466
